codename,year,source_package,debian_archive_bytes,patch_lines,num_patch_files
potato,2000,util-linux,79715,8481,1
potato,2000,tar,13236,1938,1
potato,2000,sysvinit,0,0,0
potato,2000,shadow,47570,4369,1
potato,2000,sed,4205,442,1
potato,2000,pam,44426,4838,1
potato,2000,ncurses,24597,2508,1
potato,2000,mawk,8512,967,1
potato,2000,hostname,0,0,0
potato,2000,gzip,10029,872,1
potato,2000,grep,3561,363,1
potato,2000,glibc,146723,18597,1
potato,2000,findutils,50333,7393,1
potato,2000,dpkg,0,0,0
potato,2000,debianutils,0,0,0
potato,2000,debconf,0,0,0
potato,2000,coreutils,23036,2383,1
potato,2000,bash,66041,9375,1
potato,2000,base-passwd,0,0,0
potato,2000,base-files,0,0,0
potato,2000,perl,0,0,0
potato,2000,e2fsprogs,16948,1593,1
potato,2000,diffutils,0,0,0
potato,2000,attr,0,0,0
potato,2000,acl,0,0,0
woody,2002,util-linux,49671,4759,1
woody,2002,tar,11346,1167,1
woody,2002,sysvinit,42322,4439,1
woody,2002,shadow,92075,9444,1
woody,2002,sed,69571,6080,1
woody,2002,pam,75917,8425,1
woody,2002,ncurses,27215,2769,1
woody,2002,mawk,12951,1442,1
woody,2002,hostname,0,0,0
woody,2002,gzip,6371,541,1
woody,2002,grep,53235,6542,1
woody,2002,glibc,399970,48919,1
woody,2002,findutils,8524,807,1
woody,2002,dpkg,0,0,0
woody,2002,debianutils,0,0,0
woody,2002,debconf,0,0,0
woody,2002,coreutils,24799,2429,1
woody,2002,bash,175404,30899,1
woody,2002,base-passwd,0,0,0
woody,2002,base-files,0,0,0
woody,2002,perl,176889,17062,1
woody,2002,e2fsprogs,2577,197,1
woody,2002,diffutils,0,0,0
woody,2002,attr,0,0,0
woody,2002,acl,0,0,0
sarge,2005,util-linux,74396,7544,1
sarge,2005,tar,51869,7208,1
sarge,2005,sysvinit,59583,6610,1
sarge,2005,shadow,1319641,201328,1
sarge,2005,sed,88364,9047,1
sarge,2005,pam,119777,13519,1
sarge,2005,ncurses,32421,3431,1
sarge,2005,mawk,16947,1895,1
sarge,2005,hostname,0,0,0
sarge,2005,gzip,60478,7995,1
sarge,2005,grep,23272,2306,1
sarge,2005,glibc,1843444,239270,1
sarge,2005,findutils,14267,1370,1
sarge,2005,dpkg,0,0,0
sarge,2005,debianutils,0,0,0
sarge,2005,debconf,0,0,0
sarge,2005,coreutils,27706,2710,1
sarge,2005,bash,573197,63332,1
sarge,2005,base-passwd,0,0,0
sarge,2005,base-files,0,0,0
sarge,2005,perl,103931,10667,1
sarge,2005,e2fsprogs,4822,515,1
sarge,2005,diffutils,16471,1788,1
sarge,2005,attr,0,0,0
sarge,2005,acl,0,0,0
etch,2007,util-linux,103759,11277,1
etch,2007,tar,31360,3283,1
etch,2007,sysvinit,135812,14822,1
etch,2007,shadow,297817,40346,1
etch,2007,sed,62927,4610,1
etch,2007,pam,137339,15875,1
etch,2007,ncurses,268281,37969,1
etch,2007,mawk,16947,1895,1
etch,2007,hostname,0,0,0
etch,2007,gzip,62547,8129,1
etch,2007,grep,22414,2833,1
etch,2007,glibc,920950,132220,1
etch,2007,findutils,17956,1459,1
etch,2007,dpkg,0,0,0
etch,2007,debianutils,0,0,0
etch,2007,debconf,0,0,0
etch,2007,coreutils,122164,12590,1
etch,2007,bash,228084,30520,1
etch,2007,base-passwd,0,0,0
etch,2007,base-files,0,0,0
etch,2007,perl,104841,10698,1
etch,2007,e2fsprogs,2999,327,1
etch,2007,diffutils,16471,1788,1
etch,2007,attr,0,0,0
etch,2007,acl,0,0,0
lenny,2009,util-linux,70480,7733,1
lenny,2009,tar,53964,6915,1
lenny,2009,sysvinit,151671,16217,1
lenny,2009,shadow,92227,8500,1
lenny,2009,sed,72143,5828,1
lenny,2009,pam,145990,18160,1
lenny,2009,ncurses,39754,4222,1
lenny,2009,mawk,17105,1902,1
lenny,2009,hostname,0,0,0
lenny,2009,gzip,14580,1266,1
lenny,2009,grep,17449,2035,1
lenny,2009,glibc,753713,101768,1
lenny,2009,findutils,20210,1719,1
lenny,2009,dpkg,0,0,0
lenny,2009,debianutils,0,0,0
lenny,2009,debconf,0,0,0
lenny,2009,coreutils,5803,409,1
lenny,2009,bash,154665,17168,1
lenny,2009,base-passwd,0,0,0
lenny,2009,base-files,0,0,0
lenny,2009,perl,165102,14129,1
lenny,2009,e2fsprogs,20,0,1
lenny,2009,diffutils,23085,2738,1
lenny,2009,attr,335,22,1
lenny,2009,acl,1878,156,1
squeeze,2011,util-linux,187333,29580,1
squeeze,2011,tar,19399,1901,1
squeeze,2011,sysvinit,166788,17160,1
squeeze,2011,shadow,80147,6983,1
squeeze,2011,sed,65406,0,0
squeeze,2011,pam,249058,52754,1
squeeze,2011,ncurses,47964,5509,1
squeeze,2011,mawk,17328,1944,1
squeeze,2011,hostname,0,0,0
squeeze,2011,gzip,16219,1384,1
squeeze,2011,grep,12974,380,9
squeeze,2011,glibc,915761,124093,1
squeeze,2011,findutils,20429,1728,1
squeeze,2011,dpkg,0,0,0
squeeze,2011,debianutils,0,0,0
squeeze,2011,debconf,0,0,0
squeeze,2011,coreutils,20767,1743,1
squeeze,2011,bash,81746,7880,1
squeeze,2011,base-passwd,0,0,0
squeeze,2011,base-files,0,0,0
squeeze,2011,perl,125772,5529,60
squeeze,2011,e2fsprogs,0,0,0
squeeze,2011,diffutils,6613,0,0
squeeze,2011,attr,7589,138,6
squeeze,2011,acl,10896,448,8
wheezy,2013,util-linux,278967,34772,1
wheezy,2013,tar,32886,1621,2
wheezy,2013,sysvinit,213657,4241,21
wheezy,2013,shadow,79779,7032,1
wheezy,2013,sed,67497,0,0
wheezy,2013,pam,273542,63552,1
wheezy,2013,ncurses,105737,4423,5
wheezy,2013,mawk,63506,8705,1
wheezy,2013,hostname,0,0,0
wheezy,2013,gzip,15080,404,5
wheezy,2013,grep,13641,370,6
wheezy,2013,glibc,2043246,561286,1
wheezy,2013,findutils,21825,33,1
wheezy,2013,dpkg,0,0,0
wheezy,2013,debianutils,0,0,0
wheezy,2013,debconf,0,0,0
wheezy,2013,coreutils,1228098,200977,1
wheezy,2013,bash,92118,9216,1
wheezy,2013,base-passwd,0,0,0
wheezy,2013,base-files,0,0,0
wheezy,2013,perl,141716,6636,91
wheezy,2013,e2fsprogs,73764,95,2
wheezy,2013,diffutils,8485,0,0
wheezy,2013,attr,7280,20,1
wheezy,2013,acl,7936,142,3
jessie,2015,util-linux,304292,47209,20
jessie,2015,tar,32632,142,2
jessie,2015,sysvinit,152316,935,15
jessie,2015,shadow,498804,214,4
jessie,2015,sed,57724,0,0
jessie,2015,pam,134897,14965,1
jessie,2015,ncurses,57136,739,8
jessie,2015,mawk,63506,8705,1
jessie,2015,hostname,0,0,0
jessie,2015,gzip,14476,385,4
jessie,2015,grep,113054,595,11
jessie,2015,glibc,1002540,570213,281
jessie,2015,findutils,27384,673,4
jessie,2015,dpkg,0,0,0
jessie,2015,debianutils,0,0,0
jessie,2015,debconf,0,0,0
jessie,2015,coreutils,48759,5357,1
jessie,2015,bash,80096,5645,54
jessie,2015,base-passwd,0,0,0
jessie,2015,base-files,0,0,0
jessie,2015,perl,157516,7146,102
jessie,2015,e2fsprogs,64536,0,0
jessie,2015,diffutils,10584,0,0
jessie,2015,attr,8096,94,3
jessie,2015,acl,8524,223,5
stretch,2017,util-linux,74280,255,5
stretch,2017,tar,28484,136,2
stretch,2017,sysvinit,132584,935,15
stretch,2017,shadow,600560,19542,9
stretch,2017,sed,59552,0,0
stretch,2017,pam,139492,15238,1
stretch,2017,ncurses,59324,936,8
stretch,2017,mawk,63506,8705,1
stretch,2017,hostname,0,0,0
stretch,2017,gzip,14684,397,5
stretch,2017,grep,112728,455,9
stretch,2017,glibc,987372,189006,229
stretch,2017,findutils,26812,95,2
stretch,2017,dpkg,0,0,0
stretch,2017,debianutils,0,0,0
stretch,2017,debconf,0,0,0
stretch,2017,coreutils,22392,296,8
stretch,2017,bash,65640,1364,33
stretch,2017,base-passwd,0,0,0
stretch,2017,base-files,0,0,0
stretch,2017,perl,192140,5772,90
stretch,2017,e2fsprogs,76444,0,0
stretch,2017,diffutils,10796,13,1
stretch,2017,attr,8096,94,3
stretch,2017,acl,8740,220,5
buster,2019,util-linux,81780,0,0
buster,2019,tar,22124,777,8
buster,2019,sysvinit,127136,37,1
buster,2019,shadow,462960,0,0
buster,2019,sed,59824,0,0
buster,2019,pam,114384,0,0
buster,2019,ncurses,61664,234,7
buster,2019,mawk,63506,8705,1
buster,2019,hostname,0,0,0
buster,2019,gzip,14420,287,8
buster,2019,grep,104280,67,2
buster,2019,glibc,873088,143234,163
buster,2019,findutils,26628,36,1
buster,2019,dpkg,0,0,0
buster,2019,debianutils,0,0,0
buster,2019,debconf,0,0,0
buster,2019,coreutils,32808,359,7
buster,2019,bash,91884,993,25
buster,2019,base-passwd,0,0,0
buster,2019,base-files,0,0,0
buster,2019,perl,185004,4533,65
buster,2019,e2fsprogs,82412,439,5
buster,2019,diffutils,11116,25,2
buster,2019,attr,22388,767,13
buster,2019,acl,18572,255,6
bullseye,2021,util-linux,106524,1360,17
bullseye,2021,tar,20276,404,6
bullseye,2021,sysvinit,129936,226,9
bullseye,2021,shadow,74752,0,0
bullseye,2021,sed,59824,0,0
bullseye,2021,pam,120148,0,0
bullseye,2021,ncurses,51812,200,6
bullseye,2021,mawk,7504,0,0
bullseye,2021,hostname,0,0,0
bullseye,2021,gzip,22952,477,7
bullseye,2021,grep,18600,142,3
bullseye,2021,glibc,902504,148778,173
bullseye,2021,findutils,27296,0,0
bullseye,2021,dpkg,0,0,0
bullseye,2021,debianutils,0,0,0
bullseye,2021,debconf,0,0,0
bullseye,2021,coreutils,33028,339,6
bullseye,2021,bash,90828,801,25
bullseye,2021,base-passwd,0,0,0
bullseye,2021,base-files,0,0,0
bullseye,2021,perl,167388,2072,48
bullseye,2021,e2fsprogs,92624,1312,5
bullseye,2021,diffutils,89004,15181,3
bullseye,2021,attr,27260,1366,18
bullseye,2021,acl,25536,2085,10
bookworm,2023,util-linux,121964,3253,48
bookworm,2023,tar,21464,404,6
bookworm,2023,sysvinit,134904,194,8
bookworm,2023,shadow,82876,297,4
bookworm,2023,sed,63548,43,1
bookworm,2023,pam,137648,2245,4
bookworm,2023,ncurses,56556,244,7
bookworm,2023,mawk,14080,0,0
bookworm,2023,hostname,0,0,0
bookworm,2023,gzip,18736,40,3
bookworm,2023,grep,21048,230,7
bookworm,2023,glibc,831264,133587,121
bookworm,2023,findutils,33192,20,1
bookworm,2023,dpkg,0,0,0
bookworm,2023,debianutils,23108,99,4
bookworm,2023,debconf,0,0,0
bookworm,2023,coreutils,30624,163,3
bookworm,2023,bash,97380,1984,35
bookworm,2023,base-passwd,0,0,0
bookworm,2023,base-files,0,0,0
bookworm,2023,perl,177092,3133,60
bookworm,2023,e2fsprogs,87328,0,0
bookworm,2023,diffutils,14428,48,1
bookworm,2023,attr,32152,1192,10
bookworm,2023,acl,30968,794,9
trixie,2025,util-linux,120144,2470,29
trixie,2025,tar,21540,410,6
trixie,2025,sysvinit,122156,95,4
trixie,2025,shadow,167792,1651,13
trixie,2025,sed,63644,43,1
trixie,2025,pam,145640,2677,9
trixie,2025,ncurses,50420,114,3
trixie,2025,mawk,16008,0,0
trixie,2025,hostname,0,0,0
trixie,2025,gzip,19028,22,2
trixie,2025,grep,20468,149,7
trixie,2025,glibc,453708,37092,103
trixie,2025,findutils,33364,0,0
trixie,2025,dpkg,0,0,0
trixie,2025,debianutils,0,0,0
trixie,2025,debconf,0,0,0
trixie,2025,coreutils,26820,466,2
trixie,2025,bash,88360,626,20
trixie,2025,base-passwd,0,0,0
trixie,2025,base-files,0,0,0
trixie,2025,perl,172892,2356,48
trixie,2025,e2fsprogs,103684,1272,21
trixie,2025,diffutils,14304,0,0
trixie,2025,attr,32260,1182,8
trixie,2025,acl,24296,69,2
